<?xml version="1.0" encoding="UTF-8" standalone="yes"?>
<addon id="plugin.video.Architects At Work_wizard" name="Architects At Work Wizard" version="1.0.1" provider-name="Architects At Work installer">
  <requires>
    <import addon="xbmc.python" version="2.1.0"/>
  </requires>
  <extension point="xbmc.python.pluginsource" library="default.py">
        <provides>video executable</provides>
  </extension>
  <extension point="xbmc.addon.metadata">
    <summary lang="en">Architects At Work Wizard</summary>
    <description lang="en">Architects At Work Wizard provides an easy way to installing addons to your device</description>
    <platform>all</platform>
  </extension>
</addon>
